[{"sidebar-1":["search-2","kapee-tab-posts-2","archives-2","categories-4","tag_cloud-2"],"shop-page-sidebar":["woocommerce_product_categories-4","kapee-price-filter-list-3","kapee-attributes-filter-6","kapee-attributes-filter-7","woocommerce_rating_filter-2"],"shop-filters-sidebar":["woocommerce_product_categories-3","kapee-price-filter-list-2","kapee-attributes-filter-4","kapee-attributes-filter-5"],"product-page-sidebar":["kapee-products-tab-2"],"footer-area-1":["kapee-contact-us-2"],"footer-area-2":["text-5"],"footer-area-3":["text-3"],"footer-area-4":["text-4"],"footer-area-5":["kapee-newsletter-2","kapee-social-links-2"]},{"search":{"2":{"title":""},"_multiwidget":1},"kapee-tab-posts":{"2":{"post_settings1":"","tab_enable1":1,"tab_title_1":"Recent","tab1_content":"recent","post_settings2":"","tab_enable2":1,"tab_title_2":"Popular","tab2_content":"popular","post_settings3":"","tab_enable3":1,"tab_title_3":"Comments","tab3_content":"comments","general_post_settings1":"","number":5,"show_image":1,"image_size":"thumbnail","posts_order":"comment_count"},"_multiwidget":1},"archives":{"2":{"title":"Archives","count":0,"dropdown":0},"_multiwidget":1},"categories":{"4":{"title":"Categories","count":0,"hierarchical":0,"dropdown":0},"_multiwidget":1},"tag_cloud":{"2":{"title":"Tag Cloud","count":0,"taxonomy":"post_tag"},"_multiwidget":1},"woocommerce_product_categories":{"4":{"title":"Product categories","orderby":"name","dropdown":0,"count":1,"hierarchical":1,"show_children_only":0,"hide_empty":1,"max_depth":""},"3":{"title":"Product categories","orderby":"name","dropdown":0,"count":1,"hierarchical":1,"show_children_only":0,"hide_empty":1,"max_depth":""},"_multiwidget":1},"kapee-price-filter-list":{"3":{"title":"Filter by Price","text":" 0|50\r\n50|100\r\n100|200\r\n200|400\r\n400|800"},"2":{"title":"Filter by Price","text":" 0|50\r\n50|100\r\n100|200\r\n200|400\r\n400|800"},"_multiwidget":1},"kapee-attributes-filter":{"6":{"title":"Filter by Color","attribute":"color","query_type":"and","display":"list","size":"normal","labels":"on"},"7":{"title":"Filter by Size","attribute":"size","query_type":"and","display":"list","size":"normal","labels":"on"},"4":{"title":"Filter by Color","attribute":"color","query_type":"and","display":"list","size":"normal","labels":"on"},"5":{"title":"Filter by Size","attribute":"size","query_type":"and","display":"list","size":"normal","labels":"on"},"_multiwidget":1},"woocommerce_rating_filter":{"2":{"title":"Average Rating"},"_multiwidget":1},"kapee-products-tab":{"2":{"post_settings1":"","tab_enable1":1,"tab_title_1":"Recent","tab1_content":"recent","post_settings2":"","tab_enable2":1,"tab_title_2":"Feature","tab2_content":"featured","post_settings3":"","tab_enable3":1,"tab_title_3":"On Sale","tab3_content":"on-sale","general_post_settings1":"","number":5,"hide_free":0,"show_hidden":0},"_multiwidget":1},"kapee-contact-us":{"2":{"title":"Contact Us","hide_title":1,"logo":1515,"logo_size":"full","our_site_url":"https:\/\/kapee.presslayouts.com","about_tagline":"Lorem ipsum dolor sit amet, consectetuer adipiscing elit.","address":"Lorem Ipsum, 2046 Lorem Ipsum","phone_number":"576-245-2478","fax_number":"","email_address":"info@kapee.com","website":"","days_hours":"Mon - Fri \/ 9:00 AM - 6:00 PM"},"_multiwidget":1},"text":{"5":{"title":"Information","text":"<ul class=\"menu\">\r\n \t<li class=\"menu-item\"><a href=\"https:\/\/kapee.presslayouts.com\/about-us\/\">About Us<\/a><\/li>\r\n \t<li class=\"menu-item\"><a href=\"#\">Store Location<\/a><\/li>\r\n \t<li class=\"menu-item\"><a href=\"https:\/\/kapee.presslayouts.com\/contact-us\/\">Contact Us<\/a><\/li>\r\n \t<li class=\"menu-item\"><a href=\"#\">Shipping &amp; Delivery<\/a><\/li>\r\n \t<li class=\"menu-item\"><a href=\"https:\/\/kapee.presslayouts.com\/blog\/\">Latest News<\/a><\/li>\r\n \t<li class=\"menu-item\"><a href=\"#\">Our Sitemap<\/a><\/li>\r\n<\/ul>","filter":true,"visual":true},"3":{"title":"Our Service","text":"<ul class=\"menu\">\r\n \t<li class=\"menu-item\"><a href=\"#\">Privacy Policy<\/a><\/li>\r\n \t<li class=\"menu-item\"><a href=\"#\">Terms of Sale<\/a><\/li>\r\n \t<li class=\"menu-item\"><a href=\"#\">Customer Service<\/a><\/li>\r\n \t<li class=\"menu-item\"><a href=\"#\">Delivery Information<\/a><\/li>\r\n \t<li class=\"menu-item\"><a href=\"#\">Payments<\/a><\/li>\r\n \t<li class=\"menu-item\"><a href=\"#\">Saved Cards<\/a><\/li>\r\n<\/ul>","filter":true,"visual":true},"4":{"title":"My Account","text":"<ul class=\"menu\">\r\n \t<li class=\"menu-item\"><a href=\"https:\/\/kapee.presslayouts.com\/my-account\/\">My Account<\/a><\/li>\r\n \t<li class=\"menu-item\"><a href=\"https:\/\/kapee.presslayouts.com\/shop\/\">My Shop<\/a><\/li>\r\n \t<li class=\"menu-item\"><a href=\"https:\/\/kapee.presslayouts.com\/cart\/\">My Cart<\/a><\/li>\r\n \t<li class=\"menu-item\"><a href=\"https:\/\/kapee.presslayouts.com\/checkout\/\">Checkout<\/a><\/li>\r\n \t<li class=\"menu-item\"><a href=\"https:\/\/kapee.presslayouts.com\/my-wishlist\/\">My Wishlist<\/a><\/li>\r\n \t<li class=\"menu-item\"><a href=\"https:\/\/kapee.presslayouts.com\/tracking-order\/\">Tracking Order<\/a><\/li>\r\n<\/ul>","filter":true,"visual":true},"_multiwidget":1},"kapee-newsletter":{"2":{"title":"Newsletter","newsletter_tagline":"Subscribe to our mailing list to get the new updates!"},"_multiwidget":1},"kapee-social-links":{"2":{"title":"Stay Connected","hide_title":1,"social_Style":"icons-fill-colour","social_shape":"icons-shape-square","social_icon_size":"icons-size-small"},"_multiwidget":1}}]