{"last_tab":"","theme-layout":"full","theme-container-width":"1200","header-logo":{"url":"","id":"","height":"","width":"","thumbnail":"","title":"","caption":"","alt":"","description":""},"header-logo-light":{"url":"","id":"","height":"","width":"","thumbnail":"","title":"","caption":"","alt":"","description":""},"header-logo-width":"126","sticky-header-logo":{"url":"","id":"","height":"","width":"","thumbnail":"","title":"","caption":"","alt":"","description":""},"sticky-header-logo-width":"98","mobile-header-logo":{"url":"","id":"","height":"","width":"","thumbnail":"","title":"","caption":"","alt":"","description":""},"mobile-header-logo-width":"86","theme-favicon":{"url":"","id":"","height":"","width":"","thumbnail":"","title":"","caption":"","alt":"","description":""},"theme-favicon-appple-touch":{"url":"","id":"","height":"","width":"","thumbnail":"","title":"","caption":"","alt":"","description":""},"site-preloader":"0","preloader-background":"#2370f4","preloader-image":"predefine-loader","predefine-loader-style":"1","preloader-custom-image":{"url":"","id":"","height":"","width":"","thumbnail":"","title":"","caption":"","alt":"","description":""},"back-to-top":"1","back-to-top-mobile":"1","lazy-load":"0","google-map-api":"","header-mobile-search":"1","mobile-categories-menu":"1","mobile-bottom-navbar":"1","mobile-navbar-label":"1","mobile-product-page-button":"1","mobile-cart-page-button":"1","mobile-checkout-page-button":"1","mobile-navbar-elements":{"enabled":{"placebo":"placebo","shop":"Shop","sidebar":"Sidebar\/Filters","wishlist":"Wishlist","cart":"Cart","account":"Account"},"disabled":{"placebo":"placebo","home":"Home","menu":"Menu","compare":"Compare","order":"Order","order-tracking":"Order Tracking","blog":"Blog"}},"mobile-navbar-label-shop":"Shop","mobile-navbar-label-icon-shop":"icon-home","mobile-navbar-label-wishlist":"Wishlist","mobile-navbar-label-icon-wishlist":"icon-heart","mobile-navbar-label-cart":"Cart","mobile-navbar-label-icon-cart":"icon-handbag","mobile-navbar-label-account":"Account","mobile-navbar-label-icon-account":"icon-user","mobile-navbar-label-home":"Home","mobile-navbar-label-icon-home":"icon-home","mobile-navbar-label-menu":"Menu","mobile-navbar-label-icon-menu":"icon-home","mobile-navbar-label-compare":"Compare","mobile-navbar-label-icon-compare":"icon-menu","mobile-navbar-label-filter":"Filters","mobile-navbar-label-icon-filter":"icon-equalizer","mobile-navbar-label-order":"Order","mobile-navbar-label-icon-order":"icon-note","mobile-navbar-label-order-tracking":"Order Tracking","mobile-navbar-label-icon-order-tracking":"icon-plane","mobile-navbar-label-sidebar":"Sidebar","mobile-navbar-label-icon-sidebar":"icon-notebook","mobile-navbar-label-blog":"Blog","mobile-navbar-label-icon-blog":"icon-blog","header-mobile-background":"#ffcc00","header-mobile-text-color":"#333333","header-mobile-link-color":{"regular":"#333333","hover":"#000000"},"header-mobile-input-color":"#555555","header-mobile-input-background":"#ffffff","google-theme-color":"#ffcc00","body-font":{"font-family":"Lato","font-options":"","google":"1","font-backup":"Arial, Helvetica, sans-serif","font-weight":"400","font-style":"","subsets":"","font-size":"14px","letter-spacing":""},"paragraph-font":{"font-family":"Lato","font-options":"","google":"1","font-backup":"Arial, Helvetica, sans-serif","font-weight":"400","font-style":"","subsets":"","font-size":"14px","letter-spacing":""},"h1-headings-font":{"font-family":"Lato","font-options":"","google":"1","font-backup":"Arial, Helvetica, sans-serif","font-weight":"700","font-style":"","subsets":"","text-transform":"inherit","font-size":"28px","letter-spacing":"","color":"#333333"},"h2-headings-font":{"font-family":"Lato","font-options":"","google":"1","font-backup":"Arial, Helvetica, sans-serif","font-weight":"700","font-style":"","subsets":"","text-transform":"inherit","font-size":"26px","letter-spacing":"","color":"#333333"},"h3-headings-font":{"font-family":"Lato","font-options":"","google":"1","font-backup":"Arial, Helvetica, sans-serif","font-weight":"700","font-style":"","subsets":"","text-transform":"inherit","font-size":"24px","letter-spacing":"","color":"#333333"},"h4-headings-font":{"font-family":"Lato","font-options":"","google":"1","font-backup":"Arial, Helvetica, sans-serif","font-weight":"700","font-style":"","subsets":"","text-transform":"inherit","font-size":"20px","letter-spacing":"","color":"#333333"},"h5-headings-font":{"font-family":"Lato","font-options":"","google":"1","font-backup":"Arial, Helvetica, sans-serif","font-weight":"700","font-style":"","subsets":"","text-transform":"inherit","font-size":"16px","letter-spacing":"","color":"#333333"},"h6-headings-font":{"font-family":"Lato","font-options":"","google":"1","font-backup":"Arial, Helvetica, sans-serif","font-weight":"700","font-style":"","subsets":"","text-transform":"inherit","font-size":"14px","letter-spacing":"","color":"#333333"},"main-menu-font":{"font-family":"Lato","font-options":"","google":"1","font-backup":"Arial, Helvetica, sans-serif","font-weight":"700","font-style":"","subsets":"","text-transform":"uppercase","font-size":"13px","letter-spacing":".2px"},"categories-menu-font":{"font-family":"Lato","font-options":"","google":"1","font-backup":"Arial, Helvetica, sans-serif","font-weight":"700","font-style":"","subsets":"","text-transform":"inherit","font-size":"14px","letter-spacing":".2px"},"custom-font1":"0","custom-font1-name":"","custom-font1-woff":{"url":"","id":"","height":"","width":"","thumbnail":"","title":"","caption":"","alt":"","description":""},"custom-font1-woff2":{"url":"","id":"","height":"","width":"","thumbnail":"","title":"","caption":"","alt":"","description":""},"custom-font1-ttf":{"url":"","id":"","height":"","width":"","thumbnail":"","title":"","caption":"","alt":"","description":""},"custom-font1-svg":{"url":"","id":"","height":"","width":"","thumbnail":"","title":"","caption":"","alt":"","description":""},"custom-font1-eot":{"url":"","id":"","height":"","width":"","thumbnail":"","title":"","caption":"","alt":"","description":""},"custom-font2":"0","custom-font2-name":"","custom-font2-woff":{"url":"","id":"","height":"","width":"","thumbnail":"","title":"","caption":"","alt":"","description":""},"custom-font2-woff2":{"url":"","id":"","height":"","width":"","thumbnail":"","title":"","caption":"","alt":"","description":""},"custom-font2-ttf":{"url":"","id":"","height":"","width":"","thumbnail":"","title":"","caption":"","alt":"","description":""},"custom-font2-svg":{"url":"","id":"","height":"","width":"","thumbnail":"","title":"","caption":"","alt":"","description":""},"custom-font2-eot":{"url":"","id":"","height":"","width":"","thumbnail":"","title":"","caption":"","alt":"","description":""},"custom-font3":"0","custom-font3-name":"","custom-font3-woff":{"url":"","id":"","height":"","width":"","thumbnail":"","title":"","caption":"","alt":"","description":""},"custom-font3-woff2":{"url":"","id":"","height":"","width":"","thumbnail":"","title":"","caption":"","alt":"","description":""},"custom-font3-ttf":{"url":"","id":"","height":"","width":"","thumbnail":"","title":"","caption":"","alt":"","description":""},"custom-font3-svg":{"url":"","id":"","height":"","width":"","thumbnail":"","title":"","caption":"","alt":"","description":""},"custom-font3-eot":{"url":"","id":"","height":"","width":"","thumbnail":"","title":"","caption":"","alt":"","description":""},"typekit-font":"0","typekit-kit-id":"","typekit-kit-family":"","primary-color":"#ffcc00","primary-inverse-color":"#333333","theme-hover-background-color":"#f9f9f9","site-background":{"background-color":"#ffffff","background-repeat":"","background-size":"","background-attachment":"","background-position":"","background-image":"","media":{"id":"","height":"","width":"","thumbnail":""}},"site-wrapper-background":{"background-color":"#ffffff","background-repeat":"","background-size":"","background-attachment":"","background-position":"","background-image":"","media":{"id":"","height":"","width":"","thumbnail":""}},"site-text-color":"#555555","site-link-color":{"regular":"#333333","hover":"#ffcc00"},"site-border":{"border-top":"1px","border-right":"1px","border-bottom":"1px","border-left":"1px","border-style":"solid","border-color":"#e9e9e9"},"site-input-color":"#555555","site-input-background":"#ffffff","topbar-background":{"background-color":"#ffcc00","background-repeat":"","background-size":"","background-attachment":"","background-position":"","background-image":"","media":{"id":"","height":"","width":"","thumbnail":""}},"topbar-text-color":"#333333","topbar-link-color":{"regular":"#333333","hover":"#000000"},"topbar-border":{"border-top":"1px","border-right":"1px","border-bottom":"1px","border-left":"1px","border-style":"solid","border-color":"#ffd83d"},"topbar-input-color":"#555555","topbar-input-background":"#ffffff","topbar-max-height":{"height":"42px","units":"px"},"header-background":{"background-color":"#ffffff","background-repeat":"","background-size":"","background-attachment":"","background-position":"","background-image":"","media":{"id":"","height":"","width":"","thumbnail":""}},"header-text-color":"#555555","header-link-color":{"regular":"#333333","hover":"#ffcc00"},"header-border":{"border-top":"1px","border-right":"1px","border-bottom":"1px","border-left":"1px","border-style":"solid","border-color":"#e9e9e9"},"header-input-color":"#555555","header-input-background":"#ffffff","header-min-height":{"height":"100px","units":"px"},"header-transparent-color":"light","header-sticky-background":{"background-color":"#ffffff","background-repeat":"","background-size":"","background-attachment":"","background-position":"","background-image":"","media":{"id":"","height":"","width":"","thumbnail":""}},"header-sticky-text-color":"#555555","header-sticky-link-color":{"regular":"#333333","hover":"#ffcc00"},"header-sticky-border":{"border-top":"1px","border-right":"1px","border-bottom":"1px","border-left":"1px","border-style":"solid","border-color":"#e9e9e9"},"header-sticky-input-color":"#555555","header-sticky-input-background":"#ffffff","navigation-background":{"background-color":"#ffffff","background-repeat":"","background-size":"","background-attachment":"","background-position":"","background-image":"","media":{"id":"","height":"","width":"","thumbnail":""}},"navigation-text-color":"#555555","navigation-link-color":{"regular":"#333333","hover":"#ffcc00"},"navigation-border":{"border-top":"1px","border-right":"1px","border-bottom":"1px","border-left":"1px","border-style":"solid","border-color":"#e9e9e9"},"navigation-input-color":"#555555","navigation-input-background":"#ffffff","navigation-min-height":{"height":"50px","units":"px"},"first-level-menu-background-color":"transparent","first-level-menu-link-color":{"regular":"#333333","hover":"#ffcc00"},"first-level-sticky-menu-background-color":"transparent","first-level-sticky-menu-link-color":{"regular":"#333333","hover":"#ffcc00"},"categories-menu-title-background":"#ffcc00","categories-menu-title-color":"#333333","categories-menu-wrapper-background":"#ffffff","categories-menu-hover-background":"#f9f9f9","categories-menu-link-color":{"regular":"#333333","hover":"#ffcc00"},"categories-menu-border":{"border-top":"1px","border-right":"1px","border-bottom":"1px","border-left":"1px","border-style":"solid","border-color":"#e9e9e9"},"popup-menu-background":{"background-color":"#ffffff","background-repeat":"","background-size":"","background-attachment":"","background-position":"","background-image":"","media":{"id":"","height":"","width":"","thumbnail":""}},"popup-menu-hover-background":"#f9f9f9","popup-menu-text-color":"#555555","popup-menu-link-color":{"regular":"#333333","hover":"#ffcc00"},"popup-menu-border":{"border-top":"1px","border-right":"1px","border-bottom":"1px","border-left":"1px","border-style":"solid","border-color":"#e9e9e9"},"page-title-background":{"background-color":"#f8f8f8","background-repeat":"","background-size":"cover","background-attachment":"","background-position":"center center","background-image":"","media":{"id":"","height":"","width":"","thumbnail":""}},"page-title-color":"dark","page-title-size":"default","page-title-padding":{"padding-top":"50","padding-bottom":"50"},"footer-background":{"background-color":"#f8f8f8","background-repeat":"","background-size":"","background-attachment":"","background-position":"","background-image":"","media":{"id":"","height":"","width":"","thumbnail":""}},"footer-title-color":"#333333","footer-text-color":"#555555","footer-link-color":{"regular":"#333333","hover":"#000000"},"footer-border":{"border-top":"1px","border-right":"1px","border-bottom":"1px","border-left":"1px","border-style":"solid","border-color":"#e9e9e9"},"footer-input-color":"#555555","footer-input-background":"#ffffff","copyright-background":{"background-color":"#f8f8f8","background-repeat":"","background-size":"","background-attachment":"","background-position":"","background-image":"","media":{"id":"","height":"","width":"","thumbnail":""}},"copyright-text-color":"#555555","copyright-link-color":{"regular":"#333333","hover":"#000000"},"copyright-border":{"border-top":"1px","border-right":"1px","border-bottom":"1px","border-left":"1px","border-style":"solid","border-color":"#e9e9e9"},"button-background":{"regular":"#333333","hover":"#ffcc00"},"button-color":{"regular":"#ffcc00","hover":"#333333"},"product-cart-button-background":{"regular":"#ff9f00","hover":"#ff9f00"},"product-cart-button-color":{"regular":"#333333","hover":"#333333"},"buy-now-button-background":{"regular":"#FB641B","hover":"#FB641B"},"buy-now-button-color":{"regular":"#ffffff","hover":"#fcfcfc"},"checkout-button-background":{"regular":"#FB641B","hover":"#FB641B"},"checkout-button-color":{"regular":"#ffffff","hover":"#fcfcfc"},"header-phone-number":"+(123) 4567 890","header-email":"sales@example.com","header-location":"123 Street, New York, US","header-welcome-message":"Welcome to Our Store!","header-newsletter":"Newsletter","header-language-switcher":"1","header-currency-switcher":"1","header-language-switcher-style":"dropdown","header-language-switcher-view":"both","header-login-register":"1","login-register-popup":"1","header-myaccount-style":"1","header-cart":"1","header-minicart-popup":"1","header-cart-style":"1","header-cart-icon":"bag-icon","header-wishlist":"1","header-compare":"1","categories-menu":"1","shop-by-categories-title":"Shop By Categories","open-categories-menu":"1","header-topbar":"1","header-transparent":"0","header-transparent-on":"front-page","header-select":"style","header-style":"1","header-topbar-manager":{"left":{"placebo":"placebo","language-switcher":"Language Switcher","currency-switcher":"Currency Switcher"},"right":{"placebo":"placebo","welcome-message":"Welcome Message","topbar-menu":"Topbar Menu"},"disabled":{"placebo":"placebo","phone-number":"Phone Number","email":"Email","social-profile":"Social Profile","location":"Location","newletter":"Newsletter","min-search":"Mini Search"}},"header-topbar-left":"5","header-topbar-right":"7","header-main-manager":{"left":{"placebo":"placebo","logo":"Logo"},"center":{"placebo":"placebo","ajax-search":"Ajax Search"},"right":{"placebo":"placebo","myaccount":"My Account","wishlist":"Wishlist","cart":"Cart"},"disabled":{"placebo":"placebo","primary-menu":"Primary Menu","secondary-menu":"Secondary Menu","min-search":"Mini Search","currency-switcher":"Currency Switcher","language-switcher":"Language Switcher","customer-support":"Customer Support","compare":"Compare"}},"header-main-left":"3","header-main-center":"6","header-main-align":"0","header-main-right":"3","header-navigation":"1","header-navigation-manager":{"left":{"placebo":"placebo","category-menu":"Category Menu"},"center":{"placebo":"placebo","primary-menu":"Primary Menu"},"right":{"placebo":"placebo"},"disabled":{"placebo":"placebo","secondary-menu":"Secondary Menu","ajax-search":"Ajax Search","myaccount":"My Account","cart":"Cart","wishlist":"Wishlist","customer-support":"Customer Support"}},"header-navigation-left":"3","header-navigation-center":"9","header-navigation-align":"0","header-navigation-right":"","sticky-header":"1","header-sticky-manager":{"left":{"placebo":"placebo","logo":"Logo"},"center":{"placebo":"placebo","primary-menu":"Primary Menu"},"right":{"placebo":"placebo","myaccount":"My Account","cart":"Cart"},"disabled":{"placebo":"placebo","category-menu":"Category Menu","ajax-search":"Ajax Search","wishlist":"Wishlist","min-search":"Mini Search","currency-switcher":"Currency Switcher","language-switcher":"Language Switcher","customer-support":"Customer Support","secondary-menu":"Secondary Menu"}},"header-sticky-left":"3","header-sticky-center":"6","header-sticky-align":"0","header-sticky-right":"3","header-mobile-manager":{"left":{"placebo":"placebo","mobile-navbar":"Mobile Nav","logo":"Logo"},"center":{"placebo":"placebo"},"right":{"placebo":"placebo","myaccount":"My Account","cart":"Cart"},"disabled":{"placebo":"placebo","wishlist":"Wishlist","min-search":"Mini Search"}},"header-mobile-left":"6","header-mobile-center":"","header-mobile-align":"1","header-mobile-right":"6","sticky-header-tablet":"1","sticky-header-mobile":"1","header-mobile-sticky-manager":{"left":{"placebo":"placebo","mobile-navbar":"Mobile Nav"},"center":{"placebo":"placebo","ajax-search":"Ajax Search"},"right":{"placebo":"placebo","cart":"Cart"},"disabled":{"placebo":"placebo","logo":"Logo","myaccount":"My Account","wishlist":"Wishlist","min-search":"Mini Search"}},"header-mobile-sticky-left":"2","header-mobile-sticky-center":"8","header-mobile-sticky-align":"1","header-mobile-sticky-right":"2","header-search":"1","header-ajax-search-style":"ajax-search-style-1","ajax-search-shape":"ajax-search-square","search-content-type":"product","product-ajax-search":"1","categories-dropdow":"1","search-categories":"all","categories-hierarchical":"0","search-placeholder-text":"Search for products, categories, brands, sku...","search-trending":"0","page-title-layout":"center","page-title":"1","page-breadcrumbs":"1","breadcrumbs-delimiter":"forward-slash","site-footer":"1","footer-layout":"2","footer-widget-collapse":"1","footer-copyright":"1","copyright-layout":"columns","copyright-text":"Kapee &copy; {current_year} by <a href=\"https:\/\/presslayouts.com\/\" target=\"_blank\">PressLayouts<\/a> All Rights Reserved.","payment-logo":"1","payment-logo-img":{"url":"","id":"","height":"","width":"","thumbnail":"","title":"","caption":"","alt":"","description":""},"order-tracking-page":"23","product-search-by-sku":"1","manage-password-strength":"0","user-password-strength":"3","single-line-product-title":"1","product-hover-tooltip":"1","product_open_cart_mini":"1","product-labels":"1","sale-product-label":"1","sale-product-label-after-price":"on-product-image","sale-product-label-text-options":"percentage","sale-product-label-percentage-text":"Off","sale-product-label-text":"Sale","sale-product-label-color":"#388E3C","product-new-label":"1","new-product-label-text":"New","product-newness-days":"30","new-product-label-color":"#82B440","featured-product-label":"1","featured-product-label-text":"Featured","featured-product-label-color":"#ff9f00","outofstock-product-label":"1","outofstock-product-label-text":"Out Of Stock","outofstock-product-label-color":"#ff6161","outofstock-product-opacity":"0.6","shop-page-layout":"left-sidebar","shop-page-sidebar-width":"3","shop-page-sidebar-widget":"shop-page-sidebar","shop-page-title":"1","product-header":"1","products-view-icon":"1","products-default-view":"grid-view","products-per-page":"12","products-per-page-dropdown":"1","products-per-page-number":"6,9,12,24,36,48","product-sorting":"1","ajax-filter":"0","shop-top-filter":"0","products-columns":"3","products-columns-mobile":"2","products-pagination-style":"default","products-pagination-load-more-button-text":"Load More Products","products-pagination-finished-message":"No More Products Available","product-style":"product-style-1","products-hover-image":"1","products-countdown":"0","products-category":"1","products-title":"1","products-rating":"1","products-rating-style":"fancy-rating","products-rating-count":"1","products-rating-histogram":"1","products-price":"1","products-variations":"1","products-short-description":"1","catalog-mode":"0","product-cart-button":"1","open-product-page-new-tab":"0","product-wishlist-button":"1","product-compare-button":"1","product-quickview-button":"1","single-product-quick-buy":"1","product-quickbuy-button-text":"Buy Now","category-style":"category-style-1","login-to-see-price":"0","product-page-layout":"full-width","product-page-sidebar-width":"3","product-page-sidebar-widget":"product-page-sidebar","sticky-product-image":"1","sticky-product-summary":"1","product-gallery-style":"product-gallery-left","product-gallery-zoom":"1","product-gallery-lightbox":"1","single-product-breadcrumbs":"1","single-product-navigation":"1","single-product-rating":"1","single-product-countdown":"1","single-product-countdown-style":"countdown-box","single-product-countdown-tag":"Special price ends in less than","sale-single-product-label-after-price":"after-price","single-product-price-summary":"1","single-product-availability":"1","single-product-availability-instock-msg":"In Stock","single-product-availability-lowstock-qty":"5","single-product-availability-hurry-left-msg":"Hurry, Only {qty} left.","single-product-availability-outstock-msg":"Out of Stock","single-product-offers":"1","single-product-services":"1","single-product-brands":"1","single-product-short-description":"1","product_add_to_cart_ajax":"1","single-product-size-chart":"1","single-product-meta":"1","single-product-share":"1","product-share-location":"summary-top","single-product-bought-together":"1","product-bought-together-title":"Frequently Bought Together","product-bought-together-location":"summary-bottom","single-product-tabs":"1","single-product-tabs-style":"tabs","single-product-tabs-location":"after-summary","single-product-tabs-titles":"0","upsells-products":"1","related-products":"1","recently-viewed-products":"1","related-upsells-products":"12","related-upsells-products-columns":"4","related-upsells-auto-play":"1","related-upsells-loop":"1","related-upsells-navigation":"1","related-upsells-product-dots":"1","multi-step-checkout":"0","login-information":"Get access to your Orders, Wishlist and Recommendations.","page-layout":"full-width","page-sidebar-width":"3","page-sidebar-widget":"sidebar-1","page-comments":"0","widget-title-style":"widget-title-bordered-full","sticky-sidebar":"1","widget-toggle":"1","widget-menu-toggle":"1","widget-items-hide-max-limit":"1","number-of-show-widget-items":"8","sidebar-canvas-mobile":"1","kapee-404_heading":"PAGE NOT FOUND","kapee-404_content":"Sorry, the page you are looking for is not available. Maybe you want to perform a search?","kapee-404_btn_txt":"Back To Home?","post-fancy-date":"1","fancy-date-style":"fancy-square-date","sticky-post-icon":"1","post-format-icon":"0","post-category":"1","post-meta":"1","specific-post-meta":["post-author","post-category","post-comments"],"post-meta-icon":"1","post-meta-separator":"meta-separator-colon","blog-page-layout":"right-sidebar","blog-sidebar-width":"3","blog-page-sidebar-widget":"sidebar-1","blog-page-title":"1","blog-page-title-text":"Our Blog","blog-page-breadcrumb":"1","blog-post-style":"blog-grid","blog-grid-layout":"simple-grid","blog-grid-post-style":"blog-grid-center","blog-grid-columns":"2","blog-post-thumbnail":"1","blog-post-title":"1","blog-post-content":"excerpt-content","blog-excerpt-length":"30","read-more-button":"1","read-more-button-style":"read-more-link","read-more-text":"Continue Reading","blog-pagination-style":"default","blog-pagination-load-more-button-text":"Load More Posts","blog-pagination-finished-message":"No More Posts Available","single-post-layout":"right-sidebar","single-post-sidebar-width":"3","single-post-sidebar-widget":"sidebar-1","single-post-thumbnail":"1","single-post-gallery-style":"slider","single-post-title":"1","single-post-title-text":"Our Blog","single-post-author-info":"1","single-post-tag":"1","single-post-social-share-link":"1","single-post-navigation":"1","single-post-comment":"1","single-post-related":"1","show-related-posts":"6","related-posts-taxonomy":"post_tag","related-posts-orderby":"rand","related-posts-order":"DESC","related-posts-display":"slider","enable-portfolio":"1","portfolio-slug":"","portfolio-name":"","portfolio-singular-name":"","portfolio-cat-slug":"","portfolio-skill-slug":"","portfolio-meta":"1","specific-portfolio-meta":["categories","skills"],"portfolio-page-layout":"full-width","portfolio-sidebar-width":"3","portfolio-sidebar-widget":"sidebar-1","portfolio-page-title":"1","portfolio-page-title-text":"Portfolio","portfolio-page-breadcrumb":"1","portfolio-style":"portfolio-style-1","portfolio-grid-layout":"masonry-grid","portfolio-grid-columns":"3","portfolio-grid-gap":"15","portfolio-filter":"1","portfolio-per-page":"9","portfolio-button-icon":"1","portfolio-link-icon":"1","portfolio-zoom-icon":"1","portfolio-content-part":"1","portfolio-category":"1","portfolio-title":"1","portfolio-pagination-style":"default","portfolio-pagination-load-more-button-text":"Load More Portfolios","portfolio-pagination-finished-message":"No More Portfolios Available","single-portfolio-page-layout":"full-width","single-portfolio-sidebar-width":"3","single-portfolio-sidebar-widget":"sidebar-1","single-portfolio-layout":"8","single-portfolio-gallery":"1","single-portfolio-gallery-style":"slider","single-portfolio-information-title":"1","single-portfolio-description":"1","single-portfolio-preview-button":"1","single-portfolio-client":"1","single-portfolio-date":"1","single-portfolio-category":"1","single-portfolio-skill":"1","single-portfolio-share":"1","single-portfolio-navigation":"1","single-portfolio-comments":"1","single-portfolio-related":"1","show-related-portfolios":"6","related-portfolios-taxonomy":"post_tag","related-Portfolios-orderby":"rand","related-portfolios-order":"DESC","related-portfolios-display":"slider","show-social-profile":"1","social-profile-icons-style":"icons-default","profile-icons-size":"icons-size-small","facebook-link":"#","twitter-link":"#","instagram-link":"#","linkedin-link":"#","flickr-link":"#","rss-link":"#","pinterest-link":"","youtube-link":"#","github-link":"","whatsapp-link":"","telegram-link":"","vk-link":"","show-social-sharing":"1","social-sharing-icons-style":"icons-bordered","sharing-icons-shape":"icons-shape-circle","sharing-icons-size":"icons-size-default","social-share-manager":{"enabled":{"placebo":"placebo","facebook":"Facebook","twitter":"Twitter","linkedin":"Linkedin","telegram":"Telegram","pinterest":"Pinterest"},"disabled":{"placebo":"placebo","stumbleupon":"StumbleUpon","tumblr":"Tumblr","reddit":"Reddit","vk":"VK","odnoklassniki":"Odnoklassniki","pocket":"Pocket","whatsapp":"WhatsApp","email":"Email","print":"Print"}},"slider-loop":"0","slider-autoplay":"0","slider-autoplay-hover-pause":"1","slider-autoplaytimeout":"3500","slider-center":"0","slider-smartspeed":"750","slider-rewind":"0","slider-auto-height":"1","slider-next-prev-navigation":"1","slider-nav-style":"owl-nav-circle","slider-nav-position":"owl-nav-middle","slider-dots-navigation":"1","slider-touchDrag":"1","slider-animate-in":"","slider-animate-out":"","newsletter-popup":"1","newsletter-popup-on":"front-page","newsletter-show-mobile":"1","newsletter-when-appear":"page_load","newsletter-delay":"5","newsletter-x-scroll":"30","newsletter-title":"Sign Up & Get 40% Off","newsletter-tag-line":"Signup today for free and be the first to hear of special promotions, new arrivals, designer and offers news.","newsletter-dont-show":"Don't show this popup again","newsletter-background":{"background-color":"#ffffff","background-repeat":"","background-size":"","background-attachment":"","background-position":"","background-image":"","media":{"id":"","height":"","width":"","thumbnail":""}},"newsletter-color":"light","newsletter-button-bg-color":{"regular":"#333333","hover":"#ffcc00"},"newsletter-button-text-color":{"regular":"#ffcc00","hover":"#333333"},"cookie-notice":"0","cookie-title":"Cookies Notice","cookie-message-text":"We use cookies to ensure that we give you the best experience on our website. If you continue to use this site we will assume that you are happy with it.","cookie-accept-text":"Yes, I'm Accept","cookie-see-more-opt":"0","cookie-see-more-text":"Read more","cookie-see-more-link-type":"custom","cookie-see-more-link-custom":"http:\/\/empty","cookie-see-more-link-pages":"","cookie-see-more-link-target":"_blank","cookie-refuse-opt":"0","cookie-refuse-text":"No","cookie-refuse-code":"","cookie-on-scroll":"0","cookie-on-scroll-offset":"100","cookie-expiry-times":"2592000","cookie-script-placements":"footer","cookie-positions":"bottom","cookie-style":"box","cookie-text-color":"#212121","cookie-background-color":"#fcfcfc","maintenance-mode":"0","maintenance-page":"","custom-css":"","custom-js-head":"","custom-js-footer":"","redux-backup":"1"}